{
 "modules": {
  "ab": {
   "class": "bzt.modules.ab.ApacheBenchmarkExecutor"
  },
  "gatling": {
   "class": "bzt.modules.gatling.GatlingExecutor",
   "properties": {
    "gatling.data.file.bufferSize": 256
   }
  },
  "jmeter": {
   "class": "bzt.modules.jmeter.JMeterExecutor",
   "protocol-handlers": {
    "http": "bzt.jmx.http.HTTPProtocolHandler",
    "mqtt": "bzt.jmx.mqtt.MQTTProtocolHandler",
    "grpc": "bzt.jmx.grpc.GRPCProtocolHandler"
   },
   "plugins": [
    "jpgc-casutg",
    "jpgc-dummy",
    "jpgc-ffw",
    "jpgc-fifo",
    "jpgc-functions",
    "jpgc-json",
    "jpgc-perfmon",
    "jpgc-prmctl",
    "jpgc-tst"
   ],
   "properties": {
    "jmeter.save.saveservice.autoflush": "true",
    "jmeter.save.saveservice.connect_time": "true",
    "jmeterengine.force.system.exit": "true",
    "summariser.name": ""
   },
   "version": "5.5",
   "path": "/home/ec2-user/.bzt/jmeter-taurus/5.5/bin/jmeter.sh"
  },
  "locust": {
   "class": "bzt.modules._locustio.LocustIOExecutor"
  },
  "molotov": {
   "class": "bzt.modules._molotov.MolotovExecutor"
  },
  "siege": {
   "class": "bzt.modules.siege.SiegeExecutor"
  },
  "tsung": {
   "class": "bzt.modules.tsung.TsungExecutor"
  },
  "k6": {
   "class": "bzt.modules.k6.K6Executor"
  },
  "selenium": {
   "class": "bzt.modules._selenium.SeleniumExecutor"
  },
  "junit": {
   "class": "bzt.modules.java.JUnitTester"
  },
  "testng": {
   "class": "bzt.modules.java.TestNGTester"
  },
  "rspec": {
   "class": "bzt.modules.ruby.RSpecTester"
  },
  "mocha": {
   "class": "bzt.modules.javascript.MochaTester"
  },
  "nunit": {
   "class": "bzt.modules.csharp.NUnitExecutor"
  },
  "xunit": {
   "class": "bzt.modules.csharp.XUnitExecutor"
  },
  "pytest": {
   "class": "bzt.modules._pytest.PyTestExecutor"
  },
  "wdio": {
   "class": "bzt.modules.javascript.WebdriverIOExecutor"
  },
  "robot": {
   "class": "bzt.modules.robot.RobotExecutor"
  },
  "apiritif": {
   "class": "bzt.modules._apiritif.ApiritifNoseExecutor"
  },
  "local": {
   "class": "bzt.modules.provisioning.Local"
  },
  "monitoring": {
   "class": "bzt.modules.monitoring.Monitoring"
  },
  "passfail": {
   "class": "bzt.modules.passfail.PassFailStatus"
  },
  "shellexec": {
   "class": "bzt.modules.shellexec.ShellExecutor"
  },
  "junit-xml": {
   "class": "bzt.modules.reporting.JUnitXMLReporter"
  },
  "install-checker": {
   "class": "bzt.modules.services.InstallChecker"
  },
  "console": {
   "class": "bzt.modules.console.ConsoleStatusReporter"
  },
  "consolidator": {
   "class": "bzt.modules.aggregator.ConsolidatingAggregator",
   "percentiles": [
    0.0,
    50.0,
    90.0,
    95.0,
    99.0,
    99.9,
    100.0
   ]
  },
  "final-stats": {
   "class": "bzt.modules.reporting.FinalStatus"
  },
  "functional-consolidator": {
   "class": "bzt.modules.functional.FunctionalAggregator"
  },
  "influxdb-reporter": {
   "class": "bzt.modules.influxdb_reporter.InfluxdbStatusReporter"
  },
  "android-emulator": {
   "class": "bzt.modules.services.AndroidEmulatorLoader"
  },
  "appium": {
   "class": "bzt.modules.services.AppiumLoader"
  },
  "virtual-display": {
   "class": "bzt.modules.services.VirtualDisplay"
  },
  "external-results-loader": {
   "class": "bzt.modules.external.ExternalResultsLoader"
  },
  "blazemeter": {
   "class": "bzt.modules.blazemeter.BlazeMeterUploader"
  },
  "cloud": {
   "class": "bzt.modules.blazemeter.CloudProvisioning",
   "default-location": "us-central1-a"
  },
  "proxy2jmx": {
   "class": "bzt.modules.proxy2jmx.Proxy2JMX"
  },
  "unpacker": {
   "class": "bzt.modules.services.Unpacker"
  },
  "pip-install": {
   "class": "bzt.modules.services.PipInstaller"
  },
  "screenshoter": {
   "class": "bzt.modules.blazemeter.ServiceStubScreenshoter"
  },
  "capturehar": {
   "class": "bzt.modules.blazemeter.ServiceStubCaptureHAR"
  },
  "final_stats": {
   "class": "bzt.modules.reporting.FinalStatus"
  }
 },
 "cli-aliases": {
  "cloud": {
   "provisioning": "cloud"
  },
  "detach": {
   "modules": {
    "cloud": {
     "detach": true
    }
   }
  },
  "func": {
   "modules": {
    "console": {
     "disable": true
    }
   },
   "settings": {
    "aggregator": "functional-consolidator"
   }
  },
  "gui": {
   "modules": {
    "jmeter": {
     "gui": true
    }
   }
  },
  "install-tools": {
   "services": [
    "install-checker"
   ]
  },
  "local": {
   "provisioning": "local"
  },
  "locations": {
   "modules": {
    "cloud": {
     "dump-locations": true
    }
   },
   "provisioning": "cloud"
  },
  "report": {
   "reporting": [
    "blazemeter"
   ]
  },
  "public": {
   "modules": {
    "blazemeter": {
     "public-report": true
    }
   }
  },
  "sequential": {
   "modules": {
    "local": {
     "sequential": true
    }
   }
  },
  "lint": {
   "cli": {
    "linter": {
     "lint-and-exit": true
    }
   }
  },
  "nolint": {
   "cli": {
    "linter": {
     "disable": true
    }
   }
  }
 },
 "cli": {
  "linter": {
   "disable": false,
   "warn-on-unfamiliar-fields": false,
   "ignored-warnings": [],
   "lint-and-exit": false
  }
 },
 "settings": {
  "aggregator": "consolidator",
  "default-executor": "jmeter",
  "env": {
   "OBJC_DISABLE_INITIALIZE_FORK_SAFETY": "YES",
   "TAURUS_ARTIFACTS_DIR": "/home/ec2-user/environment/2024-04-09_15-06-15.616494"
  }
 },
 "provisioning": "local",
 "reporting": [
  {
   "module": "final-stats"
  },
  {
   "module": "console"
  }
 ],
 "services": [
  {
   "module": "monitoring",
   "local": [
    {
     "metrics": [
      "cpu",
      "mem",
      "bytes-sent",
      "bytes-recv",
      "disk-read",
      "disk-write",
      "disk-space",
      "engine-loop",
      "conn-all"
     ]
    }
   ]
  }
 ],
 "execution": [
  {
   "executor": "jmeter",
   "scenario": "wso-run.jmx",
   "throughput": {},
   "concurrency": {}
  }
 ],
 "included-configs": [],
 "version": "1.16.29",
 "scenarios": {
  "wso-run.jmx": {
   "script": "/home/ec2-user/environment/wso-run.jmx"
  }
 }
}
